insert into Student (Sno, Sname, Ssex, Sage, Sdept) VALUES ('2000013', '葛波', '女', 17, '计算机');
insert into Student (Sno, Sname, Ssex, Sage, Sdept) VALUES ('2000112', '顾芳', '女', 19, '管理');
insert into Student (Sno, Sname, Ssex, Sage, Sdept) VALUES ('2000113', '姜凡', '男', 19, '管理');
insert into Student (Sno, Sname, Ssex, Sage, Sdept) VALUES ('2000011', '李峰', '男', 18, '计算机');
insert into Student (Sno, Sname, Ssex, Sage, Sdept) VALUES ('2000311', '欧阳奋进', '男', 22, '外语');
insert into Student (Sno, Sname, Ssex, Sage, Sdept) VALUES ('2000211', '欧阳倩', '女', 22, '数学');
insert into Student (Sno, Sname, Ssex, Sage, Sdept) VALUES ('2000012', '王林', '男', 19, '计算机');
insert into Student (Sno, Sname, Ssex, Sage, Sdept) VALUES ('2000114', '叶想', '男', 18, '管理');
insert into Student (Sno, Sname, Ssex, Sage, Sdept) VALUES ('2000111', '张大民', '男', 18, '管理');
insert into Student (Sno, Sname, Ssex, Sage, Sdept) VALUES ('2000312', '石磊', '男', 18, '计算机');
insert into Student (Sno, Sname, Ssex, Sage, Sdept) VALUES ('2000313', '金鑫', '男', 18, '计算机');

insert into  Course (Cno, Cname, Cpno, Ccredit) VALUES ('1024', '数据库原理', '1136', 4);
insert into  Course (Cno, Cname, Cpno, Ccredit) VALUES ('1128', '高等数学', NULL, 6);
insert into  Course (Cno, Cname, Cpno, Ccredit) VALUES ('1136', '离散数学', '1128', 4);
insert into  Course (Cno, Cname, Cpno, Ccredit) VALUES ('1137', '管理学', NULL, 4);
insert into  Course (Cno, Cname, Cpno, Ccredit) VALUES ('1156', '英语', NULL, 6);
insert into  Course (Cno, Cname, Cpno, Ccredit) VALUES ('2008', 'DB_Design', NULL, 4);
insert into  Course (Cno, Cname, Cpno, Ccredit) VALUES ('2013', 'DB_DBMS Design', NULL, 4);
insert into  Course (Cno, Cname, Cpno, Ccredit) VALUES ('2118', 'DB_Programing', NULL, 2);
insert into  Course (Cno, Cname, Cpno, Ccredit) VALUES ('2120', 'DB*Design', NULL, 2);

insert into SC (Sno, Cno, Grade) VALUES ('2000011', '1024', 90);
insert into SC (Sno, Cno, Grade) VALUES ('2000011', '1156', 55);
insert into SC (Sno, Cno, Grade) VALUES ('2000012', '1024', 88);
insert into SC (Sno, Cno, Grade) VALUES ('2000012', '1128', 90);
insert into SC (Sno, Cno, Grade) VALUES ('2000012', '1136', 78);
insert into SC (Sno, Cno, Grade) VALUES ('2000012', '1137', 66);
insert into SC (Sno, Cno, Grade) VALUES ('2000012', '1156', 80);
insert into SC (Sno, Cno, Grade) VALUES ('2000012', '2008', 88);
insert into SC (Sno, Cno, Grade) VALUES ('2000012', '2013', 78);
insert into SC (Sno, Cno, Grade) VALUES ('2000012', '2118', 89);
insert into SC (Sno, Cno, Grade) VALUES ('2000012', '2120', 80);
insert into SC (Sno, Cno, Grade) VALUES ('2000013', '1024', 85);
insert into SC (Sno, Cno, Grade) VALUES ('2000013', '1136', 90);
insert into SC (Sno, Cno, Grade) VALUES ('2000013', '1156', 89);
insert into SC (Sno, Cno, Grade) VALUES ('2000111', '1156', 93);
insert into SC (Sno, Cno, Grade) VALUES ('2000112', '1137', 66);
insert into SC (Sno, Cno, Grade) VALUES ('2000112', '1156', 88);
insert into SC (Sno, Cno, Grade) VALUES ('2000113', '1137', 89);
insert into SC (Sno, Cno, Grade) VALUES ('2000113', '1156', 60);
insert into SC (Sno, Cno, Grade) VALUES ('2000114', '1024', NULL);
insert into SC (Sno, Cno, Grade) VALUES ('2000211', '1136', 88);
insert into SC (Sno, Cno, Grade) VALUES ('2000211', '1137', 58);
insert into SC (Sno, Cno, Grade) VALUES ('2000211', '1156', 75);
insert into SC (Sno, Cno, Grade) VALUES ('2000311', '1024', 80);
insert into SC (Sno, Cno, Grade) VALUES ('2000311', '1156', 77);